{"T": 100, "V": 1000, "n_docs_per_t": 100, "n_words_per_doc": 100, "n_iter": 60, "n_epoch": 1, "alpha0": 1.0, "beta0": 1.0, "b0": 0.09000000000000001, "b1": 1.01, "b2": 1.01, "epsilon": 0.092, "tau": [30], "K": 10, "alpha": [0.10846305763223922, 0.06564287049916681, 0.14489232453364978, 0.10545474033929889, 0.09927625866056544, 0.11124300499343846, 0.11393947273017949, 0.05609246116619885, 0.09307393506953908, 0.06412293734315713], "beta": [0.1, 1]}